Adam Afriyie	E14001042 https://en.wikipedia.org/wiki/Adam_Afriyie
Adam Holloway	E14000715 https://en.wikipedia.org/wiki/Adam_Holloway
Adrian Bailey	E14001030 https://en.wikipedia.org/wiki/Adrian_Bailey
Alan Brown	S14000040 https://en.wikipedia.org/wiki/Alan_Brown_(Scottish_politician)
Alan Campbell	E14001006 https://en.wikipedia.org/wiki/Alan_Campbell_(politician)
Alan Duncan	E14000909 https://en.wikipedia.org/wiki/Alan_Duncan
Alan Haselhurst	E14000910 https://en.wikipedia.org/wiki/Alan_Haselhurst
Alan Johnson	E14000773 https://en.wikipedia.org/wiki/Alan_Johnson
Alan Mak	E14000736 https://en.wikipedia.org/wiki/Alan_Mak_(politician)
Alan Meale	E14000810 https://en.wikipedia.org/wiki/Alan_Meale
Alan Whitehead	E14000956 https://en.wikipedia.org/wiki/Alan_Whitehead
Alasdair McDonnell	N06000003 https://en.wikipedia.org/wiki/Alasdair_McDonnell
Albert Owen	W07000041 https://en.wikipedia.org/w/index.php?search=Albert+Owen%09&title=Special%3ASearch&go=Go
Alberto Costa	E14000940 https://en.wikipedia.org/wiki/Alberto_Costa_(British_politician)
Alec Shelbrooke	E14000689 https://en.wikipedia.org/wiki/Alec_Shelbrooke
Alex Chalk	E14000630 https://en.wikipedia.org/wiki/Alex_Chalk
Alex Cunningham	E14000970 https://en.wikipedia.org/wiki/Alex_Cunningham
Alex Salmond	S14000037 https://en.wikipedia.org/wiki/Alex_Salmond
Alison McGovern	E14001043 https://en.wikipedia.org/wiki/Alison_McGovern
Alison Thewliss	S14000029 https://en.wikipedia.org/wiki/Alison_Thewliss
Alistair Burt	E14000841 https://en.wikipedia.org/wiki/Alistair_Burt
Alistair Carmichael	S14000051 https://en.wikipedia.org/wiki/Alistair_Carmichael
Alok Sharma	E14000890 https://en.wikipedia.org/wiki/Alok_Sharma
Alun Cairns	W07000078 https://en.wikipedia.org/wiki/Alun_Cairns
Amanda Milling	E14000618 https://en.wikipedia.org/wiki/Amanda_Milling
Amanda Solloway	E14000662 https://en.wikipedia.org/wiki/Amanda_Solloway
Amber Rudd	E14000735 https://en.wikipedia.org/wiki/Amber_Rudd
Andrea Jenkyns	E14000826 https://en.wikipedia.org/wiki/Andrea_Jenkyns
Andrea Leadsom	E14000942 https://en.wikipedia.org/wiki/Andrea_Leadsom
Andrew Bingham	E14000748 https://en.wikipedia.org/wiki/Andrew_Bingham
Andrew Bridgen	E14000858 https://en.wikipedia.org/wiki/Andrew_Bridgen
Andrew Griffiths	E14000610 https://en.wikipedia.org/wiki/Andrew_Griffiths
Andrew Gwynne	E14000661 https://en.wikipedia.org/wiki/Andrew_Gwynne
Andrew Jones	E14000730 https://en.wikipedia.org/wiki/Andrew_Jones
Andrew Mitchell	E14000985 https://en.wikipedia.org/wiki/Andrew_Mitchell
Andrew Murrison	E14000954 https://en.wikipedia.org/wiki/Andrew_Murrison
Andrew Percy	E14000596 https://en.wikipedia.org/wiki/Andrew_Percy
Andrew Rosindell	E14000900 https://en.wikipedia.org/wiki/Andrew_Rosindell
Andrew Selous	E14000949 https://en.wikipedia.org/wiki/Andrew_Selous
Andrew Smith	E14000873 https://en.wikipedia.org/wiki/Andrew_Smith_(politician)
Andrew Stephenson	E14000875 https://en.wikipedia.org/wiki/Andrew_Stephenson
Andrew Turner	E14000762 https://en.wikipedia.org/wiki/Andrew_Turner_(politician)
Andrew Tyrie	E14000633 https://en.wikipedia.org/wiki/Andrew_Tyrie
Andy Burnham	E14000785 https://en.wikipedia.org/w/index.php?search=Andrew+Murray+%22Andy%22+Burnham&title=Special%3ASearch&go=Go
Andy McDonald	E14000819 https://en.wikipedia.org/wiki/Andy_McDonald_(politician)
Andy Slaughter	E14000726 https://en.wikipedia.org/wiki/Andy_Slaughter
Angela Crawley	S14000042 https://en.wikipedia.org/wiki/Angela_Crawley
Angela Eagle	E14001010 https://en.wikipedia.org/wiki/Angela_Eagle
Angela Rayner	E14000537 https://en.wikipedia.org/w/index.php?search=Angela+Rayner%09&title=Special%3ASearch&go=Go
Angela Smith	E14000876 https://en.wikipedia.org/wiki/Angela_C._Smith
Angela Watkinson	E14000751 https://en.wikipedia.org/wiki/Angela_Watkinson
Angus MacNeil	S14000027 https://en.wikipedia.org/wiki/Angus_MacNeil
Angus Robertson	S14000046 https://en.wikipedia.org/wiki/Angus_Robertson
Ann Clwyd	W07000070 https://en.wikipedia.org/wiki/Ann_Clwyd
Ann Coffey	E14000969 https://en.wikipedia.org/wiki/Ann_Coffey
Anna Soubry	E14000607 https://en.wikipedia.org/wiki/Anna_Soubry
Anna Turley	E14000891 https://en.wikipedia.org/w/index.php?search=Anna+Turley%09&title=Special%3ASearch&go=Go
Anne Main	E14000960 https://en.wikipedia.org/wiki/Anne_Main
Anne McLaughlin	S14000032 https://en.wikipedia.org/wiki/Anne_McLaughlin
Anne Milton	E14000719 https://en.wikipedia.org/wiki/Anne_Milton
Anne-Marie Morris	E14000835 https://en.wikipedia.org/wiki/Anne_Marie_Morris
Anne-Marie Trevelyan	E14000554 https://en.wikipedia.org/wiki/Anne-Marie_Trevelyan
Antoinette Sandbach	E14000686 https://en.wikipedia.org/wiki/Antoinette_Sandbach 
Barbara Keeley	E14001054 https://en.wikipedia.org/wiki/Barbara_Keeley
Barry Gardiner	E14000592 https://en.wikipedia.org/wiki/Barry_Gardiner
Barry Sheerman	E14000756 https://en.wikipedia.org/wiki/Barry_Sheerman
Ben Bradshaw	E14000698 https://en.wikipedia.org/wiki/Ben_Bradshaw
Ben Gummer	E14000761  https://en.wikipedia.org/wiki/Ben_Gummer
Ben Howlett	E14000547 https://en.wikipedia.org/wiki/Ben_Howlett_(politician)
Ben Wallace	E14001057 https://en.wikipedia.org/wiki/Ben_Wallace_(politician)
Bernard Jenkin	E14000734 https://en.wikipedia.org/wiki/Bernard_Jenkin
Bill Cash	E14000975 https://en.wikipedia.org/wiki/Bill_Cash
Bill Esterson	E14000916 https://en.wikipedia.org/wiki/Bill_Esterson
Bill Wiggin	E14000847 https://en.wikipedia.org/wiki/Bill_Wiggin
Bob Blackman	E14000731 https://en.wikipedia.org/wiki/Bob_Blackman_(politician)
Bob Stewart	E14000551 https://en.wikipedia.org/wiki/Bob_Stewart_(politician)
Boris Johnson	E14001007 https://en.wikipedia.org/wiki/Boris_Johnson
Brandon Lewis	E14000717 https://en.wikipedia.org/wiki/Brandon_Lewis
Brendan O'Hara	S14000005 https://en.wikipedia.org/wiki/Brendan_O%27Hara
Bridget Phillipson	E14000754 https://en.wikipedia.org/wiki/Bridget_Phillipson
Byron Davies	W07000046 https://en.wikipedia.org/wiki/Byron_Davies
Callum McCaig	S14000002 https://en.wikipedia.org/wiki/Callum_McCaig
Calum Kerr	S14000008 https://en.wikipedia.org/wiki/Calum_Kerr
Carol Monaghan	S14000033 https://en.wikipedia.org/wiki/Carol_Monaghan
Caroline Ansell	E14000684 https://en.wikipedia.org/wiki/Caroline_Ansell
Caroline Dinenage	E14000713 https://en.wikipedia.org/wiki/Caroline_Dinenage
Caroline Flint	E14000667 https://en.wikipedia.org/wiki/Caroline_Flint
Caroline Lucas	E14000598 https://en.wikipedia.org/wiki/Caroline_Lucas
Caroline Nokes	E14000901 https://en.wikipedia.org/wiki/Caroline_Nokes
Caroline Spelman	E14000812 https://en.wikipedia.org/wiki/Caroline_Spelman
Carolyn Harris	W07000048 https://en.wikipedia.org/wiki/Carolyn_Harris_(politician)
Catherine McKinnell	E14000833 https://en.wikipedia.org/wiki/Catherine_McKinnell
Catherine Smith	E14000776 https://en.wikipedia.org/wiki/Cat_Smith
Catherine West	E14000752 https://en.wikipedia.org/wiki/Catherine_West
Charles Walker	E14000606 https://en.wikipedia.org/wiki/Charles_Walker_(British_politician)
Charlie Elphicke	E14000670 https://en.wikipedia.org/wiki/Charlie_Elphicke
Charlotte Leslie	E14000600 https://en.wikipedia.org/wiki/Charlotte_Leslie
Cheryl Gillan	E14000631 https://en.wikipedia.org/wiki/Cheryl_Gillan
Chi Onwurah	E14000831 https://en.wikipedia.org/wiki/Chi_Onwurah
Chloe Smith	E14000863 https://en.wikipedia.org/wiki/Chloe_Smith
Chris Bryant	W07000052 https://en.wikipedia.org/wiki/Chris_Bryant
Chris Davies	W07000068 https://en.wikipedia.org/wiki/Christopher_Davies_(Conservative_politician)
Chris Evans	W07000077 https://en.wikipedia.org/wiki/Chris_Evans_(British_politician)
Chris Green	E14000580 https://en.wikipedia.org/wiki/Chris_Green_(politician)
Chris Heaton-Harris	E14000660 https://en.wikipedia.org/wiki/Chris_Heaton-Harris
Chris Law	S14000016 https://en.wikipedia.org/w/index.php?search=Chris+Law%09&title=Special%3ASearch&go=Go
Chris Matheson	E14000640 https://en.wikipedia.org/wiki/Chris_Matheson_(British_politician)
Chris Philp	E14000656 https://en.wikipedia.org/wiki/Chris_Philp
Chris Skidmore	E14000774 https://en.wikipedia.org/wiki/Chris_Skidmore
Chris White	E14001019 https://en.wikipedia.org/wiki/Chris_White_(politician)
Christina Rees	W07000069 https://en.wikipedia.org/wiki/Christina_Rees_(politician)
Christopher Chope	E14000638 https://en.wikipedia.org/wiki/Christopher_Chope
Christopher Grayling	E14000694 https://en.wikipedia.org/wiki/Chris_Grayling
Christopher Leslie	E14000865 https://en.wikipedia.org/wiki/Chris_Leslie_(politician)
Christopher Pincher	E14000986 https://en.wikipedia.org/wiki/Christopher_Pincher
Christopher Stephens	S14000035 https://en.wikipedia.org/wiki/Chris_Stephens_(politician)
Chuka Umunna	E14000978 https://en.wikipedia.org/wiki/Chuka_Umunna
Claire Perry	E14000665 https://en.wikipedia.org/wiki/Claire_Perry
Clive Betts	E14000920 https://en.wikipedia.org/wiki/Clive_Betts
Clive Efford	E14000690 https://en.wikipedia.org/wiki/Clive_Efford
Clive  Lewis	E14000864 https://en.wikipedia.org/wiki/Clive_Derby-Lewis
Colleen Fletcher	E14000649 https://en.wikipedia.org/wiki/Colleen_Fletcher
Conor Burns	E14000585 https://en.wikipedia.org/wiki/Conor_Burns
Conor McGinn	E14000962 https://en.wikipedia.org/wiki/Conor_McGinn
Corri Wilson	S14000006 https://en.wikipedia.org/wiki/Corri_Wilson
Craig Mackinlay	E14000948 https://en.wikipedia.org/wiki/Craig_Mackinlay
Craig Tracey	E14000854 https://en.wikipedia.org/wiki/Craig_Tracey
Craig Whittaker	E14000614 https://en.wikipedia.org/wiki/Craig_Whittaker
Craig Williams	W07000051 https://en.wikipedia.org/wiki/Craig_Williams_(politician)
Crispin Blunt	E14000893 https://en.wikipedia.org/wiki/Crispin_Blunt
Damian Collins	E14000704 https://en.wikipedia.org/wiki/Damian_Collins
Damian Green	E14000536 https://en.wikipedia.org/wiki/Damian_Green
Damian Hinds	E14000680 https://en.wikipedia.org/wiki/Damian_Hinds
Dan Jarvis	E14000541 https://en.wikipedia.org/wiki/Dan_Jarvis
Dan Poulter	E14000624 https://en.wikipedia.org/wiki/Daniel_Poulter
Daniel Kawczynski	E14000926 https://en.wikipedia.org/wiki/Daniel_Kawczynski
Daniel Zeichner	E14000617 https://en.wikipedia.org/wiki/Daniel_Zeichner
Danny  Kinahan	N06000014 https://en.wikipedia.org/wiki/Danny_Kinahan
Dave Anderson	E14000574 https://en.wikipedia.org/wiki/David_Anderson_(British_politician)
David Amess	E14000957 https://en.wikipedia.org/wiki/David_Amess
David Burrowes	E14000692 https://en.wikipedia.org/wiki/David_Burrowes
David Cameron	E14001046 https://en.wikipedia.org/wiki/David_Cameron
David Crausby	E14000578 https://en.wikipedia.org/wiki/David_Crausby
David Davies	W07000054 https://en.wikipedia.org/wiki/Dai_Davies_(politician)
David Davis	E14000724 https://en.wikipedia.org/wiki/David_Davis_(British_politician)
David Edwards	W07000067 https://en.wikipedia.org/wiki/Jonathan_Edwards_(politician)
David Evennett	E14000558 https://en.wikipedia.org/wiki/David_Evennett
David Gauke	E14000951 https://en.wikipedia.org/wiki/David_Gauke
David Hanson	W07000042 https://en.wikipedia.org/wiki/David_Hanson_(politician)
David Jones	W07000059 https://en.wikipedia.org/wiki/David_Jones_(Clwyd_West_MP)
David Lammy	E14001002 https://en.wikipedia.org/wiki/David_Lammy
David Lidington	E14000538 https://en.wikipedia.org/wiki/David_Lidington
David Mackintosh	E14000862 https://en.wikipedia.org/wiki/David_Mackintosh_(politician)
David Morris	E14000825 https://en.wikipedia.org/wiki/David_Morris_(Conservative_politician)
David Mowat	E14001018 https://en.wikipedia.org/wiki/David_Mowat
David Mundell	S14000014 https://en.wikipedia.org/wiki/David_Mundell
David Nuttall	E14000611 https://en.wikipedia.org/wiki/David_Nuttall
David Rutley	E14000802 https://en.wikipedia.org/wiki/David_Rutley
David Simpson	N06000017 https://en.wikipedia.org/wiki/David_Simpson_(British_politician)
David Tredinnick	E14000583 https://en.wikipedia.org/wiki/David_Tredinnick_(politician)
David Warburton	E14000932 https://en.wikipedia.org/wiki/Member_of_parliament#United_Kingdom
David Winnick	E14001011 https://en.wikipedia.org/wiki/David_Winnick
Dawn Butler	E14000591 https://en.wikipedia.org/wiki/Dawn_Butler
Debbie Abrahams	E14000870 https://en.wikipedia.org/wiki/Debbie_Abrahams
Deidre Brock	S14000023 https://en.wikipedia.org/wiki/Deidre_Brock
Dennis Skinner	E14000577 https://en.wikipedia.org/wiki/Dennis_Skinner
Derek Thomas	E14000964 https://en.wikipedia.org/wiki/Derek_Thomas_(politician)
Derek Twigg	E14000725 https://en.wikipedia.org/wiki/Derek_Twigg
Desmond Swayne	E14000828 https://en.wikipedia.org/wiki/Desmond_Swayne
Diana Johnson	E14000772  https://en.wikipedia.org/wiki/Diana_Johnson
Diane Abbott	E14000720 https://en.wikipedia.org/wiki/Diane_Abbott
Dominic Grieve	E14000550 https://en.wikipedia.org/wiki/Dominic_Grieve
Dominic Raab	E14000697 https://en.wikipedia.org/wiki/Dominic_Raab
Douglas Chapman	S14000017 https://en.wikipedia.org/wiki/Douglas_Chapman_(Scottish_politician) 
Drew Hendry	S14000039 https://en.wikipedia.org/wiki/Drew_Hendry
Ed Miliband	E14000669  https://en.wikipedia.org/wiki/Ed_Miliband
Ed Vaizey	E14001015 https://en.wikipedia.org/wiki/Ed_Vaizey
Edward Argar	E14000625 https://en.wikipedia.org/wiki/Edward_Argar
Edward Garnier	E14000728 https://en.wikipedia.org/wiki/Edward_Garnier
Edward Leigh	E14000707 https://en.wikipedia.org/wiki/Edward_Leigh
Edward Timpson	E14000653 https://en.wikipedia.org/wiki/Edward_Timpson
Eilidh Whiteford	S14000007 https://en.wikipedia.org/wiki/Eilidh_Whiteford
Eleanor Laing	E14000693 https://en.wikipedia.org/wiki/Eleanor_Laing
Elizabeth Truss	E14000952 https://en.wikipedia.org/wiki/Elizabeth_Truss
Emily Thornberry	E14000764 https://en.wikipedia.org/wiki/Emily_Thornberry 
Emma Lewell-Buck	E14000944 https://en.wikipedia.org/wiki/Emma_Lewell-Buck
Emma Reynolds	E14001049 https://en.wikipedia.org/wiki/Emma_Reynolds
Eric Pickles	E14000594 https://en.wikipedia.org/wiki/Eric_Pickles
Fabian Hamilton	E14000779 https://en.wikipedia.org/wiki/Fabian_Hamilton
Fiona Bruce	E14000646 https://en.wikipedia.org/wiki/Fiona_Bruce
Fiona Mactaggart	E14000930 https://en.wikipedia.org/wiki/Fiona_Mactaggart
Flick Drummond	E14000884 https://en.wikipedia.org/wiki/Flick_Drummond
Francie Molloy	N06000010 https://en.wikipedia.org/wiki/Francie_Molloy
Frank Field	E14000559 https://en.wikipedia.org/wiki/Frank_Field_(British_politician)
Gareth Johnson	E14000659 https://en.wikipedia.org/wiki/Gareth_Johnson
Gareth Thomas	E14000732 https://en.wikipedia.org/wiki/Gareth_Thomas_(English_politician)
Gary Streeter	E14000950 https://en.wikipedia.org/wiki/Gary_Streeter
Gavin Barwell	E14000654 https://en.wikipedia.org/wiki/Gavin_Barwell
Gavin Newlands	S14000052 https://en.wikipedia.org/wiki/Gavin_Newlands
Gavin Robinson	N06000001 https://en.wikipedia.org/wiki/Gavin_Robinson
Gavin Shuker	E14000801 https://en.wikipedia.org/wiki/Gavin_Shuker
Gavin Williamson	E14000945 https://en.wikipedia.org/wiki/Gavin_Williamson
Geoffrey Clifton-Brown	E14000991 https://en.wikipedia.org/wiki/Geoffrey_Clifton-Brown_(born_1953)
Geoffrey Cox	E14001000 https://en.wikipedia.org/wiki/Geoffrey_Cox_(British_politician)
Geoffrey Robinson	E14000650 https://en.wikipedia.org/wiki/Geoffrey_Robinson
George Eustice	E14000616 https://en.wikipedia.org/wiki/George_Eustice
George Freeman	E14000816 https://en.wikipedia.org/wiki/George_Freeman_(politician)
George Hollingbery	E14000811 https://en.wikipedia.org/wiki/George_Hollingbery
George Howarth	E14000775 https://en.wikipedia.org/wiki/George_Howarth
George Osborne	E14000987 https://en.wikipedia.org/wiki/George_Osborne
George  Kerevan	S14000020 https://en.wikipedia.org/wiki/George_Kerevan
Geraint Davies	W07000047 https://en.wikipedia.org/wiki/Geraint_Davies_(Labour_politician)
Gerald Howarth	E14000530 https://en.wikipedia.org/wiki/Gerald_Howarth
Gerald Jones	W07000071 https://en.wikipedia.org/wiki/Gerald_Jones
Gerald Kaufman	E14000808 https://en.wikipedia.org/wiki/Gerald_Kaufman
Gisela Stuart	E14000560 https://en.wikipedia.org/wiki/Gisela_Stuart
Gloria De Piero	E14000535 https://en.wikipedia.org/wiki/Gloria_De_Piero
Glyn Davies	W07000063 https://en.wikipedia.org/wiki/Glyn_Davies_(British_politician)
Gordon Henderson	E14000927 https://en.wikipedia.org/wiki/Gordon_Henderson_(politician)
Gordon Marsden	E14000573 https://en.wikipedia.org/wiki/Gordon_Marsden
Graham Allen	E14000866 https://en.wikipedia.org/wiki/Graham_Allen_(politician)
Graham Brady	E14000532 https://en.wikipedia.org/wiki/Graham_Brady
Graham Evans	E14001024 https://en.wikipedia.org/wiki/Graham_Evans
Graham Jones	E14000758 https://en.wikipedia.org/wiki/Graham_Jones_(politician)
Graham Stringer	E14000571 https://en.wikipedia.org/wiki/Graham_Stringer
Graham Stuart	E14000556 https://en.wikipedia.org/wiki/Graham_Stuart_(politician)
Grahame Morris	E14000677 https://en.wikipedia.org/wiki/Grahame_Morris
Grant Shapps	E14001027 https://en.wikipedia.org/wiki/Grant_Shapps
Greg Clark	E14001004 https://en.wikipedia.org/wiki/Greg_Clark
Greg Hands	E14000629 https://en.wikipedia.org/wiki/Greg_Hands
Greg Knight	E14000683 https://en.wikipedia.org/wiki/Greg_Knight
Greg Mulholland	E14000780 https://en.wikipedia.org/wiki/Greg_Mulholland
Gregory Campbell	N06000006 https://en.wikipedia.org/wiki/Gregory_Campbell_(politician) 
Guto  Bebb	W07000058 https://en.wikipedia.org/wiki/Guto_Bebb
Guy Opperman	E14000746 https://en.wikipedia.org/wiki/Guy_Opperman
Hannah Bardell	S14000044 https://en.wikipedia.org/wiki/Hannah_Bardell
Harriet Harman	E14000615 https://en.wikipedia.org/wiki/Harriet_Harman
Harriett Baldwin	E14001035 https://en.wikipedia.org/wiki/Harriett_Baldwin
Harry Harpham	E14000921 https://en.wikipedia.org/wiki/Harry_Harpham
Heather Wheeler	E14000935 https://en.wikipedia.org/wiki/Heather_Wheeler
Heidi Alexander	E14000787 https://en.wikipedia.org/wiki/Heidi_Alexander
Heidi Allen	E14000934 https://en.wikipedia.org/wiki/Heidi_Allen
Helen Goodman	E14000569 https://en.wikipedia.org/wiki/Helen_Goodman
Helen Grant	E14000804 https://en.wikipedia.org/wiki/Helen_Grant_(politician)
Helen Hayes	E14000673 https://en.wikipedia.org/wiki/Helen_Hayes_(politician)
Helen Jones	E14001017 https://en.wikipedia.org/wiki/Helen_Jones
Helen Whately	E14000700 https://en.wikipedia.org/wiki/Helen_Whately
Henry Bellingham	E14000859 https://en.wikipedia.org/wiki/Henry_Bellingham_(politician)
Henry Smith	E14000652 https://en.wikipedia.org/wiki/Henry_Smith_(British_politician)
Hilary Benn	E14000777 https://en.wikipedia.org/wiki/Hilary_Benn
Holly Lynch	E14000723 https://en.wikipedia.org/wiki/Holly_Walker-Lynch
Hugo Swire	E14000678 https://en.wikipedia.org/wiki/Hugo_Swire
Huw Irranca-Davies	W07000074 https://en.wikipedia.org/wiki/Huw_Irranca-Davies
Huw Merriman	E14000557 https://en.wikipedia.org/wiki/Huw_Merriman
Hywel Williams	W07000057 https://en.wikipedia.org/wiki/Hywel_Williams
Iain Duncan Smith	E14000634 https://en.wikipedia.org/wiki/Iain_Duncan_Smith
Iain Stewart	E14000822 
Iain Wright	E14000733
Ian Austin	E14000671
Ian Blackford	S14000055
Ian Lavery	E14001014
Ian Liddell-Grainger	E14000595
Ian Lucas	W07000044
Ian Murray	S14000024
Ian Paisley	N06000012
Imran Hussain	E14000587
Ivan Lewis	E14000612
Jack Dromey	E14000561
Jack Lopresti	E14000702
Jackie Doyle-Price	E14000995
Jacob Rees-Mogg	E14000846
Jake Berry	E14000902
James Brokenshire	E14000869
James Cartlidge	E14000946
James Cleverly	E14000590
James Davies	W07000060
James Duddridge	E14000899
James Gray	E14000860
James Heappey	E14001026
James Mearns	E14000709
James Morris	E14000722
James Wharton	E14000971
Jamie Reed	E14000647
Jane Ellison	E14000549
Jason McCartney	E14000645
Jeff Smith	E14000809
Jeffrey Donaldson	N06000009
Jenny Chapman	E14000658
Jeremy Corbyn	E14000763
Jeremy Hunt	E14000953
Jeremy Lefroy	E14000965
Jeremy Quin	E14000753
Jeremy Wright	E14000767
Jess Phillips	E14000568
Jesse Norman	E14000743
Jessica Morden	W07000055
Jim Cunningham	E14000651
Jim Dowd	E14000788
Jim Fitzpatrick	E14000882
Jim Shannon	N06000016
Jo Churchill	E14000613
Jo Cox	E14000548
Jo Johnson	E14000872
Jo  Stevens	W07000050
Joan Ryan	E14000691
Joanna Cherry	S14000025
John Baron	E14000544
John Bercow	E14000608
John Carswell	E14000642
John Cryer	E14000790
John Glen	E14000912
John Hayes	E14000939
John Healey	E14001028
John Howell	E14000742
John Mann	E14000546
John McDonnell	E14000737
John McNally	S14000028
John Nicolson	S14000018
John Penrose	E14001038
John Pugh	E14000958
John Redwood	E14001048
John Spellar	E14001016
John Stevenson	E14000620
John Whittingdale	E14000806
John Woodcock	E14000543
Johnny  Mercer	E14000879
Jon Cruddas	E14000657
Jon Trickett	E14000740
Jonathan Ashworth	E14000783
Jonathan Djanogly	E14000757
Jonathan Lord	E14001047
Jonathan Reynolds	E14000967
Judith Cummins	E14000588
Julian Brazier	E14000619
Julian Knight	E14000931
Julian Lewis	E14000827
Julian Smith	E14000928
Julian Sturdy	E14001062
Julie Cooper	E14000609
Julie Elliott	E14000982
Justin Madders	E14000688
Justin Tomlinson	E14000851
Justine Greening	E14000887
Karen Bradley	E14000966
Karen Buck	E14001036
Karen Lumley	E14000892
Karin Smyth	E14000601
Karl McCartney	E14000792
Karl Turner	E14000771
Kate Green	E14000979
Kate Hoey	E14001008
Kate Hollern	E14000570
Kate Osamor	E14000687
Keir Starmer	E14000750
Keith Simpson	E14000603
Keith Vaz	E14000782
Kelly Tolhurst	E14000898
Kelvin Hopkins	E14000800
Kenneth Clarke	E14000908
Kerry McCarthy	E14000599
Kevan Jones	E14000840
Kevin Barron	E14000903
Kevin Brennan	W07000079
Kevin Hollinrake	E14000993
Kevin  Foster	E14000999
Khalid Mahmood	E14000566
Kirsten Oswald	S14000021
Kirsty Blackman	S14000001
Kit Malthouse	E14000857
Kris Hopkins	E14000766
Kwasi Kwarteng	E14000959
Laurence Robertson	E14000990
Liam Byrne	E14000563
Liam Fox	E14000850
Lilian Greenwood	E14000867
Lindsay Hoyle	E14000637
Lisa Cameron	S14000019
Lisa Nandy	E14001039
Liz Kendall	E14000784
Liz  McInnes	E14000747
Liz  Roberts	W07000061
Louise Ellman	E14000793
Louise Haigh	E14000923
Luciana Berger	E14000795
Lucy Allan	E14000989
Lucy Frazer	E14000937
Lucy Powell	E14000807
Luke Hall	E14000994
Lyn Brown	E14001032
Madeleine Moon	W07000073
Maggie Throup	E14000695
Marcus Fysh	E14001060
Marcus Jones	E14000868
Margaret Beckett	E14000663
Margaret Ferrier	S14000056
Margaret Greenwood	E14001044
Margaret Hillier	E14000721
Margaret Hodge	E14000540
Margaret Ritchie	N06000015
Margot James	E14000976
Maria Caulfield	E14000786
Maria Eagle	E14000708
Maria Miller	E14000545
Marie Rimmer	E14000963
Marion Fellows	S14000047
Mark Durkan	N06000008
Mark Field	E14000639
Mark Francois	E14000888
Mark Garnier	E14001058
Mark Harper	E14000705
Mark Hendrick	E14000885
Mark Lancaster	E14000821
Mark Menzies	E14000706
Mark Pawsey	E14000905
Mark Pritchard	E14000992
Mark Spencer	E14000924
Mark Tami	W07000043
Mark Williams	W07000064
Martin Docherty	S14000059
Martin Vickers	E14000643
Martyn  Day	S14000043
Mary Creagh	E14001009
Mary Glindon	E14000853
Mary Robinson	E14000627
Matt Warman	E14000582
Matthew Hancock	E14001034
Matthew Offord	E14000741
Matthew Pennycook	E14000718
Mel Stride	E14000623
Melanie Onn	E14000716
Mhairi Black	S14000053
Michael Berry	E14000770
Michael Dugher	E14000542
Michael Ellis	E14000861
Michael Fabricant	E14000791
Michael Fallon	E14000918
Michael Gove	E14000983
Michael Prisk	E14000744
Michael Tomlinson	E14000815
Michelle Donelan	E14000635
Michelle Thomson	S14000026
Mickey Brady	N06000011
Mike Freer	E14000703
Mike Gapes	E14000760
Mike Kane	E14001059
Mike Penning	E14000739
Mike Weir	S14000004
Mike Wood	E14000672
Mims Davies	E14000685
Nadhim Zahawi	E14000977
Nadine Dorries	E14000813
Naseem  Shah	E14000589
Natalie McGarry	S14000030
Natascha  Engel	E14000843
Neil Carmichael	E14000980
Neil Gray	S14000003
Neil Parish	E14000996
Neil  Coyle	E14000553
Nia Griffith	W07000045
Nic Dakin	E14000914
Nicho;as Brown	E14000832
Nicholas Soames	E14000817
Nick Boles	E14000714
Nick Clegg	E14000922
Nick Gibb	E14000576
Nick Herbert	E14000534
Nick Hurd	E14000906
Nick Smith	W07000072
Nick Thomas-Symonds	W07000053
Nicky Morgan	E14000797
Nicola Blackwood	E14000874
Nigel Adams	E14000917
Nigel Dodds	N06000002
Nigel Evans	E14000894
Nigel Huddleston	E14000818
Nigel Mills	E14000533
Norman Lamb	E14000848
Nus Ghani	E14001023
Oliver Colvile	E14000880
Oliver Dowden	E14000745
Oliver Heald	E14000845
Oliver Letwin	E14001031
Owen Paterson	E14000849
Owen Smith	W07000075
Owen Thompson	S14000045
Pat Doherty	N06000018
Pat Glass	E14000856
Pat McFadden	E14001050
Patricia Gibson	S14000048
Patrick Grady	S14000031
Patrick McLoughlin	E14000664
Paul Beresford	E14000824
Paul Blomfield	E14000919
Paul Farrelly	E14000834
Paul Flynn	W07000056
Paul Maskey	N06000004
Paul Maynard	E14000572
Paul Monaghan	S14000009
Paul Scully	E14000984
Paula Sherriff	E14000666
Pauline Latham	E14000814
Penny Mordaunt	E14000883
Pete Wishart	S14000054
Peter Aldous	E14001022
Peter Bone	E14001025
Peter Bottomley	E14001055
Peter Dowd	E14000581
Peter Grant	S14000036
Peter Heaton-Jones	E14000838
Peter Kyle	E14000755
Peter Lilley	E14000749
Phil Wilson	E14000915
Philip Boswell	S14000011
Philip Davies	E14000925
Philip Dunne	E14000799
Philip Hammond	E14000907
Philip Hollobone	E14000769
Philippa Whitford	S14000010
Phillip Lee	E14000586
Priti Patel	E14001045
Rachael Maskell	E14001061
Rachel Reeves	E14000781
Ranil Jayawardena	E14000844
Rebecca Harris	E14000622
Rebecca Long-Bailey	E14000911
Rebecca Pow	E14000988
Rehman Chishti	E14000711
Richard Bacon	E14000941
Richard Benyon	E14000830
Richard Burden	E14000565
Richard Burgon	E14000778
Richard Drax	E14000936
Richard Fuller	E14000552
Richard Graham	E14000712
Richard Harrington	E14001021
Richard  Arkless	S14000013
Rishi Sunak	E14000895
Rob Flello	E14000974
Rob Marris	E14001051
Rob Wilson	E14000889
Robert Buckland	E14000947
Robert Goodwill	E14000913
Robert Halfon	E14000729
Robert Jenrick	E14000829
Robert Syms	E14000881
Robert  Neill	E14000604
Roberta Blackman-Woods	E14000641
Robin Walker	E14001052
Roger Gale	E14000852
Roger Godsiff	E14000562
Roger Mullin	S14000041
Ronnie Campbell	E14000575
Ronnie Cowan	S14000038
Rory Stewart	E14000877
Rosie Cooper	E14001033
Rosie Winterton	E14000668
Royston Smith	E14000955
Rupa Huq	E14000674
Rushanara Ali	E14000555
Ruth Cadbury	E14000593
Ruth Smeeth	E14000973
Sadiq Khan	E14000998
Sajid Javid	E14000605
Sam Gyimah	E14000681
Sammy Wilson	N06000005
Sarah Champion	E14000904
Sarah Newton	E14001003
Sarah Wollaston	E14001001
Scott Mann	E14000837
Seema Kennedy	E14000943
Seema Malhotra	E14000701
Shabana Mahmood	E14000564
Shailesh Vara	E14000855
Sharon Hodgson	E14001020
Sheryll Murray	E14000938
Simon Burns	E14000628
Simon Danczuk	E14000897
Simon Hart	W07000066
Simon Hoare	E14000839
Simon Kirby	E14000597
Siobhain McDonagh	E14000823
Stella Creasy	E14001013
Stephen Crabb	W07000065
Stephen Doughty	W07000080
Stephen Gethins	S14000049
Stephen Hammond	E14001040
Stephen Hepburn	E14000765
Stephen Kinnock	W07000049
Stephen McPartland	E14000968
Stephen Metcalfe	E14000933
Stephen Phillips	E14000929
Stephen Pound	E14000675
Stephen Timms	E14000679
Stephen Twigg	E14000796
Steve Baker	E14001056
Steve Barclay	E14000842
Steve Brine	E14001041
Steve Double	E14000961
Steve McCabe	E14000567
Steve Reed	E14000655
Steven Paterson	S14000057
Steven Rotheram	E14000794
Stewart Hosie	S14000015
Stewart Jackson	E14000878
Stewart McDonald	S14000034
Stuart Andrew	E14000886
Stuart Donaldson	S14000058
Stuart McDonald	S14000012
Sue Hayman	E14001053
Suella Fernandes	E14000699
Susan  Jones	W07000062
Sylvia Hermon	N06000013
Tania Mathias	E14001005
Tasmina Ahmed-Sheikh	S14000050
Teresa Pearce	E14000696
Thangam Debbonaire	E14000602
Theresa May	E14000803
Theresa Villiers	E14000636
Therese Coffey	E14000981
Tim Farron	E14001037
Timothy Loughton	E14000682
Tobias Ellwood	E14000584
Toby Perkins	E14000632
Tom Blenkinsop	E14000820
Tom Brake	E14000621
Tom Elliott	N06000007
Tom Pursglove	E14000648
Tom Tugendhat	E14000997
Tom Watson	E14001029
Tommy Sheppard	S14000022
Tracey Crouch	E14000626
Tristram Hunt	E14000972
Tulip Siddiq	E14000727
Valerie Vaz	E14001012
Vernon Coaker	E14000710
Vicky Foxcroft	E14000789
Victoria Atkins	E14000798
Victoria Borwick	E14000768
Victoria Prentis	E14000539
Virendra Sharma	E14000676
Wayne David	W07000076
Wendy Morton	E14000531
Wes Streeting	E14000759
Will Quince	E14000644
William Wragg	E14000738
Yasmin Qureshi	E14000579
Yvette Cooper	E14000836
Yvonne Fovargue	E14000805
Zac Goldsmith	E14000896
